{
    "cash": 8043.454940422171,
    "portfolio": {
        "GOOGL": {
            "shares": 0.0,
            "value": 0.0
        },
        "NFLX": {
            "shares": 0.0,
            "value": 0.0
        },
        "MSFT": {
            "shares": 1.9605921457367113,
            "value": 1002.0
        },
        "AAPL": {
            "shares": 0.0,
            "value": 0.0
        },
        "AMAT": {
            "shares": 0.0,
            "value": 0.0
        },
        "ASML": {
            "shares": 1.3613220843682352,
            "value": 1002.0
        }
    }
}