{
    "cash": 3939.0475818685754,
    "portfolio": {
        "GOOGL": {
            "shares": 5.786428009902401,
            "value": 1102.2
        },
        "NFLX": {
            "shares": 0.0,
            "value": 0.0
        },
        "MSFT": {
            "shares": 1.9605921457367113,
            "value": 1002.0
        },
        "AAPL": {
            "shares": 0.0,
            "value": 0.0
        },
        "AMAT": {
            "shares": 5.191838413535919,
            "value": 1002.0
        },
        "ASML": {
            "shares": 2.7508285458192265,
            "value": 2004.0
        },
        "META": {
            "shares": 1.4025836165495278,
            "value": 1002.0
        }
    }
}