{
    "cash": 8700,
    "portfolio": {
        "MSFT": 0.5862810100512984,
        "GOOGL": 5.447216418051252
    }
}