{
    "cash": 4990.0,
    "portfolio": {
        "GOOGL": {
            "shares": 5.403652940627429,
            "value": 1002.0
        },
        "NFLX": {
            "shares": 0.8269657041413094,
            "value": 1002.0
        },
        "MSFT": {
            "shares": 1.9605921457367113,
            "value": 1002.0
        },
        "AAPL": {
            "shares": 4.735297067347057,
            "value": 1002.0
        },
        "AMAT": {
            "shares": 5.25099762224418,
            "value": 1002.0
        }
    }
}