{
    "cash": 6043.247581868575,
    "portfolio": {
        "GOOGL": {
            "shares": 5.260389099911273,
            "value": 1002.0
        },
        "NFLX": {
            "shares": 0.0,
            "value": 0.0
        },
        "MSFT": {
            "shares": 1.9605921457367113,
            "value": 1002.0
        },
        "AAPL": {
            "shares": 0.0,
            "value": 0.0
        },
        "AMAT": {
            "shares": 0.0,
            "value": 0.0
        },
        "ASML": {
            "shares": 1.3613220843682352,
            "value": 1002.0
        },
        "META": {
            "shares": 1.4025836165495278,
            "value": 1002.0
        }
    }
}