{
    "cash": 8400,
    "portfolio": {
        "MSFT": 0.5862810100512984,
        "GOOGL": 5.447216418051252,
        "AAPL": 1.4284353580471656
    }
}