{
    "cash": 1942.0,
    "portfolio": {
        "AAPL": {
            "shares": 2.3807255967452763,
            "value": 510.0
        },
        "NVDA": {
            "shares": 5.780346820809249,
            "value": 1020.0
        },
        "NFLX": {
            "shares": 3.2250180627956757,
            "value": 4080.0
        },
        "AMZN": {
            "shares": 8.933356960782977,
            "value": 2040.0
        },
        "GOOGL": {
            "shares": 2.1614611762509717,
            "value": 408.0
        }
    }
}