{
    "cash": 8000,
    "portfolio": {
        "MSFT": 0.5862810100512984,
        "GOOGL": 5.447216418051252,
        "AAPL": 1.4284353580471656,
        "TSLA": {
            "shares": 1.2523089302586259,
            "value": 400
        }
    }
}