{
    "cash": 5007.517483706423,
    "portfolio": {
        "GOOGL": {
            "shares": 0.0,
            "value": 0.0
        },
        "NFLX": {
            "shares": 0.8269657041413094,
            "value": 1002.0
        },
        "MSFT": {
            "shares": 1.9605921457367113,
            "value": 1002.0
        },
        "AAPL": {
            "shares": 4.735297067347057,
            "value": 1002.0
        },
        "AMAT": {
            "shares": 5.25099762224418,
            "value": 1002.0
        },
        "ASML": {
            "shares": 1.3613220843682352,
            "value": 1002.0
        }
    }
}