{
    "cash": 6430.0,
    "portfolio": {
        "AAPL": {
            "shares": 2.3807255967452763,
            "value": 510.0
        },
        "NVDA": {
            "shares": 5.780346820809249,
            "value": 1020.0
        },
        "NFLX": {
            "shares": 1.5696492077362323,
            "value": 2040.0
        }
    }
}