{
    "cash": 7996.0,
    "portfolio": {
        "GOOGL": {
            "shares": 5.403652940627429,
            "value": 1002.0
        },
        "NFLX": {
            "shares": 0.8269657041413094,
            "value": 1002.0
        }
    }
}