{
    "cash": 7200,
    "portfolio": {
        "MSFT": {
            "shares": 1.5634160268034625,
            "value": 800
        },
        "GOOGL": {
            "shares": 10.894432836102505,
            "value": 2000
        }
    }
}